sequence_id,LFR1,CDR-L1,LFR2,CDR-L2,LFR3,CDR-L3,LFR4
IGKV1-12*01,1 - 23,24 - 34,35 - 49,50 - 56,57 - 88,89 - 95,-
IGKV1-12*02,1 - 23,24 - 34,35 - 49,50 - 56,57 - 88,89 - 95,-
IGKV1-13*01,1 - 23,24 - 33,34 - 48,49 - 55,56 - 87,88 - 94,-
IGKV1-13*02,1 - 23,24 - 34,35 - 49,50 - 56,57 - 88,89 - 95,-
IGKV1-16*01,1 - 23,24 - 34,35 - 49,50 - 56,57 - 88,89 - 95,-
IGKV1-16*02,1 - 23,24 - 34,35 - 49,50 - 56,57 - 88,89 - 95,-
IGKV1-17*01,1 - 23,24 - 34,35 - 49,50 - 56,57 - 88,89 - 95,-
IGKV1-17*02,1 - 23,24 - 34,35 - 49,50 - 56,57 - 88,89 - 95,-
IGKV1-17*03,1 - 23,24 - 34,35 - 49,50 - 56,57 - 88,89 - 95,-
IGKV1-27*01,1 - 23,24 - 34,35 - 49,50 - 56,57 - 88,89 - 95,-
IGKV1-27*02,1 - 23,24 - 34,35 - 49,50 - 56,57 - 88,89 - 95,-
IGKV1-27*03,1 - 23,24 - 34,35 - 49,50 - 56,57 - 88,89 - 95,-
IGKV1-33*01,1 - 23,24 - 34,35 - 49,50 - 56,57 - 88,89 - 95,-
IGKV1-39*01,1 - 23,24 - 34,35 - 49,50 - 56,57 - 88,89 - 95,-
IGKV1-39*02,1 - 23,24 - 34,35 - 49,50 - 56,57 - 88,89 - 95,-
IGKV1-5*01,1 - 23,24 - 34,35 - 49,50 - 56,57 - 88,89 - 95,-
IGKV1-5*02,1 - 23,24 - 34,35 - 49,50 - 56,57 - 88,89 - 95,-
IGKV1-5*03,1 - 23,24 - 34,35 - 49,50 - 56,57 - 88,89 - 95,-
IGKV1-5*04,1 - 23,24 - 34,35 - 49,50 - 56,57 - 88,89 - 95,-
IGKV1-5*05,1 - 23,24 - 34,35 - 49,50 - 56,57 - 88,89 - 95,-
IGKV1-6*01,1 - 23,24 - 34,35 - 49,50 - 56,57 - 88,89 - 95,-
IGKV1-6*02,1 - 23,24 - 34,35 - 49,50 - 56,57 - 88,89 - 95,-
IGKV1-8*01,1 - 23,24 - 34,35 - 49,50 - 56,57 - 88,89 - 95,-
IGKV1-8*02,1 - 23,24 - 34,35 - 49,50 - 56,57 - 88,89 - 95,-
IGKV1-8*03,1 - 23,24 - 34,35 - 49,50 - 56,57 - 88,89 - 95,-
IGKV1-8*04,1 - 23,24 - 34,35 - 49,50 - 56,57 - 88,89 - 95,-
IGKV1-9*01,1 - 23,24 - 34,35 - 49,50 - 56,57 - 88,89 - 95,-
IGKV1-9*02,1 - 23,24 - 34,35 - 49,50 - 56,57 - 88,89 - 95,-
IGKV1-9*03,1 - 23,24 - 34,35 - 49,50 - 56,57 - 88,89 - 95,-
IGKV1-NL1*01,1 - 23,24 - 34,35 - 49,50 - 56,57 - 88,89 - 95,-
IGKV1/OR-2*01,1 - 23,24 - 34,35 - 49,50 - 56,57 - 88,89 - 95,-
IGKV1/OR-3*01,1 - 23,24 - 34,35 - 49,50 - 56,57 - 88,89 - 95,-
IGKV1/OR-4*01,1 - 23,24 - 34,35 - 49,50 - 56,57 - 88,89 - 95,-
IGKV1/OR1-1*01,1 - 23,24 - 34,35 - 49,50 - 56,57 - 88,89 - 95,-
IGKV1/OR10-1*01,1 - 23,24 - 34,35 - 49,50 - 56,57 - 88,89 - 95,-
IGKV1/OR2-0*01,1 - 23,24 - 34,35 - 49,50 - 56,57 - 88,89 - 95,-
IGKV1/OR2-1*01,1 - 23,24 - 34,35 - 49,50 - 56,57 - 88,89 - 95,-
IGKV1/OR2-108*01,1 - 23,24 - 34,35 - 49,50 - 56,57 - 88,89 - 95,-
IGKV1/OR2-118*01,1 - 23,24 - 34,35 - 49,50 - 56,57 - 88,89 - 95,-
IGKV1/OR2-2*01,1 - 23,24 - 34,35 - 49,50 - 56,57 - 88,89 - 95,-
IGKV1/OR22-5*01,1 - 23,24 - 34,35 - 49,50 - 56,57 - 87,88 - 94,-
IGKV1/OR22-5*02,1 - 23,24 - 34,35 - 49,50 - 56,57 - 87,88 - 94,-
IGKV1/OR9-1*01,1 - 23,24 - 34,35 - 49,50 - 56,57 - 88,89 - 95,-
IGKV1/OR9-2*01,1 - 23,24 - 34,35 - 49,50 - 56,57 - 88,89 - 95,-
IGKV1/ORY-1*01,1 - 23,24 - 34,35 - 49,50 - 56,57 - 88,89 - 95,-
IGKV1D-12*01,1 - 23,24 - 34,35 - 49,50 - 56,57 - 88,89 - 95,-
IGKV1D-12*02,1 - 23,24 - 34,35 - 49,50 - 56,57 - 88,89 - 95,-
IGKV1D-13*01,1 - 23,24 - 34,35 - 49,50 - 56,57 - 88,89 - 95,-
IGKV1D-13*02,1 - 23,24 - 34,35 - 49,50 - 56,57 - 88,89 - 95,-
IGKV1D-16*01,1 - 23,24 - 34,35 - 49,50 - 56,57 - 88,89 - 95,-
IGKV1D-16*02,1 - 23,24 - 34,35 - 49,50 - 56,57 - 88,89 - 95,-
IGKV1D-17*01,1 - 23,24 - 34,35 - 49,50 - 56,57 - 88,89 - 95,-
IGKV1D-33*01,1 - 23,24 - 34,35 - 49,50 - 56,57 - 88,89 - 95,-
IGKV1D-39*01,1 - 23,24 - 34,35 - 49,50 - 56,57 - 88,89 - 95,-
IGKV1D-42*01,1 - 23,24 - 34,35 - 49,50 - 56,57 - 88,89 - 95,-
IGKV1D-42*02,1 - 23,24 - 34,35 - 49,50 - 56,57 - 88,89 - 95,-
IGKV1D-43*01,1 - 23,24 - 34,35 - 49,50 - 56,57 - 88,89 - 95,-
IGKV1D-8*01,1 - 23,24 - 34,35 - 49,50 - 56,57 - 88,89 - 95,-
IGKV1D-8*02,1 - 23,24 - 34,35 - 49,50 - 56,57 - 88,89 - 95,-
IGKV1D-8*03,1 - 23,24 - 34,35 - 49,50 - 56,57 - 88,89 - 95,-
IGKV1D-8*04,1 - 23,24 - 34,35 - 49,50 - 56,57 - 88,89 - 95,-
IGKV2-18*01,1 - 23,24 - 39,40 - 54,55 - 61,62 - 93,94 - 100,-
IGKV2-24*01,1 - 23,24 - 39,40 - 54,55 - 61,62 - 93,94 - 100,-
IGKV2-24*02,1 - 23,24 - 39,40 - 54,55 - 61,62 - 93,94 - 100,-
IGKV2-28*01,1 - 23,24 - 39,40 - 54,55 - 61,62 - 93,94 - 100,-
IGKV2-29*02,1 - 23,24 - 39,40 - 54,55 - 61,62 - 93,94 - 100,-
IGKV2-29*03,1 - 23,24 - 39,40 - 54,55 - 61,62 - 93,94 - 100,-
IGKV2-30*01,1 - 23,24 - 39,40 - 54,55 - 61,62 - 93,94 - 100,-
IGKV2-30*02,1 - 23,24 - 39,40 - 54,55 - 61,62 - 93,94 - 100,-
IGKV2-4*01,1 - 23,24 - 39,40 - 54,55 - 61,62 - 93,94 - 100,-
IGKV2-4*02,1 - 23,24 - 39,40 - 54,55 - 61,62 - 93,94 - 100,-
IGKV2-40*01,1 - 23,24 - 40,41 - 55,56 - 62,63 - 94,95 - 101,-
IGKV2-40*02,1 - 5,6 - 22,23 - 37,38 - 44,45 - 76,77 - 83,-
IGKV2/OR2-7D*01,1 - 23,24 - 38,39 - 53,54 - 60,61 - 92,93 - 100,-
IGKV2/OR22-4*01,1 - 23,24 - 40,41 - 55,56 - 62,63 - 93,94 - 100,-
IGKV2D-18*01,1 - 23,24 - 39,40 - 54,55 - 61,62 - 93,94 - 100,-
IGKV2D-24*01,1 - 23,24 - 39,40 - 54,55 - 61,62 - 93,94 - 100,-
IGKV2D-26*01,1 - 23,24 - 39,40 - 54,55 - 61,62 - 93,94 - 100,-
IGKV2D-26*02,1 - 23,24 - 39,40 - 54,55 - 61,62 - 93,94 - 100,-
IGKV2D-26*03,1 - 23,24 - 39,40 - 54,55 - 61,62 - 93,94 - 100,-
IGKV2D-28*01,1 - 23,24 - 39,40 - 54,55 - 61,62 - 93,94 - 100,-
IGKV2D-29*01,1 - 23,24 - 39,40 - 54,55 - 61,62 - 93,94 - 100,-
IGKV2D-29*02,1 - 23,24 - 39,40 - 54,55 - 61,62 - 93,94 - 100,-
IGKV2D-30*01,1 - 23,24 - 39,40 - 54,55 - 61,62 - 93,94 - 100,-
IGKV2D-40*01,1 - 23,24 - 40,41 - 55,56 - 62,63 - 94,95 - 101,-
IGKV3-11*01,1 - 23,24 - 34,35 - 49,50 - 56,57 - 88,89 - 95,-
IGKV3-11*02,1 - 23,24 - 34,35 - 49,50 - 56,57 - 88,89 - 95,-
IGKV3-15*01,1 - 23,24 - 34,35 - 49,50 - 56,57 - 88,89 - 95,-
IGKV3-15*02,1 - 23,24 - 34,35 - 49,50 - 56,57 - 88,89 - 95,-
IGKV3-20*01,1 - 23,24 - 35,36 - 50,51 - 57,58 - 89,90 - 96,-
IGKV3-20*02,1 - 23,24 - 35,36 - 50,51 - 57,58 - 89,90 - 90,-
IGKV3-7*01,1 - 23,24 - 35,36 - 50,51 - 57,58 - 89,90 - 96,-
IGKV3-7*02,1 - 23,24 - 35,36 - 50,51 - 57,58 - 89,90 - 96,-
IGKV3-7*03,1 - 23,24 - 35,36 - 50,51 - 57,58 - 89,90 - 96,-
IGKV3-7*04,1 - 23,24 - 35,36 - 50,51 - 57,58 - 89,90 - 96,-
IGKV3-7*05,1 - 23,24 - 35,36 - 50,51 - 57,58 - 89,90 - 96,-
IGKV3-7*06,1 - 23,24 - 35,36 - 50,51 - 57,58 - 89,90 - 96,-
IGKV3/OR2-268*01,1 - 23,24 - 35,36 - 50,51 - 57,58 - 89,90 - 96,-
IGKV3/OR2-268*02,1 - 23,24 - 35,36 - 50,51 - 57,58 - 89,90 - 96,-
IGKV3D-11*01,1 - 23,24 - 34,35 - 49,50 - 56,57 - 88,89 - 95,-
IGKV3D-11*02,1 - 23,24 - 34,35 - 49,50 - 56,57 - 88,89 - 95,-
IGKV3D-11*03,1 - 23,24 - 34,35 - 49,50 - 56,57 - 88,89 - 95,-
IGKV3D-15*01,1 - 23,24 - 34,35 - 49,50 - 56,57 - 88,89 - 95,-
IGKV3D-15*02,1 - 23,24 - 34,35 - 49,50 - 56,57 - 88,89 - 94,-
IGKV3D-15*03,1 - 23,24 - 34,35 - 49,50 - 56,57 - 88,89 - 95,-
IGKV3D-20*01,1 - 23,24 - 35,36 - 50,51 - 57,58 - 89,90 - 96,-
IGKV3D-20*02,1 - 23,24 - 35,36 - 50,51 - 57,58 - 89,90 - 96,-
IGKV3D-7*01,1 - 23,24 - 35,36 - 50,51 - 57,58 - 89,90 - 96,-
IGKV4-1*01,1 - 23,24 - 40,41 - 55,56 - 62,63 - 94,95 - 101,-
IGKV4-1*02,1 - 23,24 - 40,41 - 55,56 - 62,63 - 94,95 - 101,-
IGKV4-1*03,1 - 23,24 - 40,41 - 55,56 - 62,63 - 94,95 - 101,-
IGKV6-21*01,1 - 23,24 - 34,35 - 49,50 - 56,57 - 88,89 - 95,-
IGKV6-21*02,1 - 23,24 - 34,35 - 49,50 - 56,57 - 88,89 - 95,-
IGKV6D-21*01,1 - 23,24 - 34,35 - 49,50 - 56,57 - 88,89 - 95,-
IGKV6D-21*02,1 - 23,24 - 34,35 - 49,50 - 56,57 - 88,89 - 95,-
IGKV6D-41*01,1 - 23,24 - 34,35 - 49,50 - 56,57 - 88,89 - 95,-
IGKV7-3*01,1 - 23,24 - 38,39 - 53,54 - 60,61 - 92,93 - 99,-
IGLV1-36*01,1 - 22,23 - 35,36 - 50,51 - 57,58 - 89,90 - 98,-
IGLV1-40*01,1 - 22,23 - 36,37 - 51,52 - 58,59 - 90,91 - 99,-
IGLV1-40*02,1 - 22,23 - 36,37 - 51,52 - 58,59 - 90,91 - 99,-
IGLV1-40*03,1 - 22,23 - 36,37 - 51,52 - 58,59 - 90,91 - 99,-
IGLV1-41*01,1 - 22,23 - 35,36 - 50,51 - 57,58 - 89,90 - 98,-
IGLV1-41*02,1 - 22,23 - 35,36 - 50,51 - 57,58 - 88,89 - 97,-
IGLV1-44*01,1 - 22,23 - 35,36 - 50,51 - 57,58 - 89,90 - 98,-
IGLV1-44*02,1 - 22,23 - 35,36 - 50,51 - 57,58 - 89,90 - 98,-
IGLV1-44*03,1 - 22,23 - 35,36 - 50,51 - 57,58 - 89,90 - 98,-
IGLV1-44*04,1 - 22,23 - 35,36 - 50,51 - 57,58 - 89,90 - 98,-
IGLV1-47*01,1 - 22,23 - 35,36 - 50,51 - 57,58 - 89,90 - 98,-
IGLV1-47*02,1 - 22,23 - 35,36 - 50,51 - 57,58 - 89,90 - 98,-
IGLV1-47*03,1 - 22,23 - 35,36 - 50,51 - 57,58 - 89,90 - 98,-
IGLV1-50*01,1 - 22,23 - 36,37 - 51,52 - 58,59 - 90,91 - 99,-
IGLV1-51*01,1 - 22,23 - 35,36 - 50,51 - 57,58 - 89,90 - 98,-
IGLV1-51*02,1 - 22,23 - 35,36 - 50,51 - 57,58 - 89,90 - 98,-
IGLV10-54*01,1 - 22,23 - 35,36 - 50,51 - 57,58 - 89,90 - 98,-
IGLV10-54*02,1 - 22,23 - 35,36 - 50,51 - 57,58 - 89,90 - 98,-
IGLV10-54*04,1 - 22,23 - 35,36 - 50,51 - 57,58 - 89,90 - 98,-
IGLV10-54*05,1 - 22,23 - 35,36 - 50,51 - 57,58 - 89,90 - 98,-
IGLV10-54*06,1 - 22,23 - 35,36 - 50,51 - 57,58 - 89,90 - 98,-
IGLV11-55*01,1 - 22,23 - 36,37 - 51,52 - 62,63 - 96,97 - 104,-
IGLV11-55*02,1 - 22,23 - 36,37 - 51,52 - 62,63 - 96,97 - 104,-
IGLV2-11*01,1 - 22,23 - 36,37 - 51,52 - 58,59 - 90,91 - 99,-
IGLV2-11*02,1 - 22,23 - 36,37 - 51,52 - 58,59 - 90,91 - 99,-
IGLV2-14*01,1 - 22,23 - 36,37 - 51,52 - 58,59 - 90,91 - 99,-
IGLV2-14*02,1 - 22,23 - 36,37 - 51,52 - 58,59 - 90,91 - 99,-
IGLV2-14*03,1 - 22,23 - 36,37 - 51,52 - 58,59 - 90,91 - 99,-
IGLV2-14*05,1 - 22,23 - 36,37 - 51,52 - 58,59 - 90,91 - 99,-
IGLV2-18*01,1 - 22,23 - 36,37 - 51,52 - 58,59 - 90,91 - 99,-
IGLV2-18*02,1 - 22,23 - 36,37 - 51,52 - 58,59 - 90,91 - 99,-
IGLV2-18*03,1 - 22,23 - 36,37 - 51,52 - 58,59 - 90,91 - 99,-
IGLV2-18*04,1 - 22,23 - 36,37 - 51,52 - 58,59 - 90,91 - 99,-
IGLV2-23*01,1 - 22,23 - 36,37 - 51,52 - 58,59 - 90,91 - 99,-
IGLV2-23*02,1 - 22,23 - 36,37 - 51,52 - 58,59 - 90,91 - 99,-
IGLV2-23*03,1 - 22,23 - 36,37 - 51,52 - 58,59 - 90,91 - 99,-
IGLV2-23*04,1 - 22,23 - 36,37 - 51,52 - 58,59 - 90,91 - 99,-
IGLV2-33*01,1 - 22,23 - 36,37 - 51,52 - 58,59 - 90,91 - 99,-
IGLV2-33*02,1 - 22,23 - 36,37 - 51,52 - 58,59 - 90,91 - 99,-
IGLV2-33*03,1 - 22,23 - 36,37 - 51,52 - 58,59 - 90,91 - 99,-
IGLV2-5*01,1 - 22,23 - 36,37 - 51,52 - 58,59 - 90,91 - 97,-
IGLV2-5*02,1 - 22,23 - 36,37 - 51,52 - 58,59 - 90,91 - 97,-
IGLV2-8*01,1 - 22,23 - 36,37 - 51,52 - 58,59 - 90,91 - 99,-
IGLV2-8*02,1 - 22,23 - 36,37 - 51,52 - 58,59 - 90,91 - 99,-
IGLV2-8*04,1 - 22,23 - 36,37 - 51,52 - 58,59 - 90,91 - 99,-
IGLV3-1*01,1 - 22,23 - 33,34 - 48,49 - 55,56 - 87,88 - 95,-
IGLV3-1*02,1 - 22,23 - 33,34 - 48,49 - 55,56 - 87,88 - 95,-
IGLV3-10*01,1 - 22,23 - 33,34 - 48,49 - 55,56 - 87,88 - 96,-
IGLV3-10*02,1 - 22,23 - 33,34 - 48,49 - 55,56 - 87,88 - 95,-
IGLV3-10*03,1 - 22,23 - 33,34 - 48,49 - 55,56 - 87,88 - 96,-
IGLV3-12*01,1 - 22,23 - 33,34 - 48,49 - 55,56 - 87,88 - 96,-
IGLV3-12*02,1 - 22,23 - 33,34 - 48,49 - 55,56 - 87,88 - 96,-
IGLV3-13*01,1 - 22,23 - 33,34 - 48,49 - 55,56 - 87,88 - 93,-
IGLV3-13*02,1 - 22,23 - 33,34 - 48,49 - 55,56 - 87,88 - 93,-
IGLV3-16*01,1 - 22,23 - 33,34 - 48,49 - 55,56 - 87,88 - 96,-
IGLV3-19*01,1 - 22,23 - 33,34 - 48,49 - 55,56 - 87,88 - 96,-
IGLV3-19*02,1 - 22,23 - 33,34 - 48,49 - 55,56 - 87,88 - 96,-
IGLV3-21*01,1 - 22,23 - 33,34 - 48,49 - 55,56 - 87,88 - 96,-
IGLV3-21*02,1 - 22,23 - 33,34 - 48,49 - 55,56 - 87,88 - 96,-
IGLV3-21*03,1 - 22,23 - 33,34 - 48,49 - 55,56 - 87,88 - 96,-
IGLV3-21*04,1 - 22,23 - 33,34 - 48,49 - 55,56 - 87,88 - 96,-
IGLV3-22*01,1 - 22,23 - 33,34 - 48,49 - 55,56 - 87,88 - 94,-
IGLV3-22*03,1 - 22,23 - 33,34 - 48,49 - 55,56 - 87,88 - 94,-
IGLV3-25*01,1 - 22,23 - 33,34 - 48,49 - 55,56 - 87,88 - 96,-
IGLV3-25*02,1 - 22,23 - 33,34 - 48,49 - 55,56 - 87,88 - 96,-
IGLV3-25*03,1 - 22,23 - 33,34 - 48,49 - 55,56 - 87,88 - 96,-
IGLV3-27*01,1 - 22,23 - 33,34 - 48,49 - 55,56 - 87,88 - 94,-
IGLV3-31*01,1 - 21,22 - 32,33 - 47,48 - 53,54 - 85,86 - 94,-
IGLV3-31*02,1 - 21,22 - 32,33 - 47,48 - 53,54 - 85,86 - 94,-
IGLV3-32*01,1 - 22,23 - 33,34 - 48,49 - 55,56 - 87,88 - 96,-
IGLV3-9*01,1 - 22,23 - 33,34 - 48,49 - 55,56 - 87,88 - 95,-
IGLV3-9*02,1 - 22,23 - 33,34 - 48,49 - 55,56 - 87,88 - 96,-
IGLV4-3*01,1 - 22,23 - 34,35 - 49,50 - 60,61 - 92,93 - 103,-
IGLV4-60*01,1 - 22,23 - 34,35 - 49,50 - 60,61 - 92,93 - 99,-
IGLV4-60*02,1 - 22,23 - 34,35 - 49,50 - 60,61 - 92,93 - 99,-
IGLV4-60*03,1 - 22,23 - 34,35 - 49,50 - 60,61 - 92,93 - 99,-
IGLV4-69*01,1 - 22,23 - 34,35 - 49,50 - 60,61 - 92,93 - 99,-
IGLV4-69*02,1 - 22,23 - 34,35 - 49,50 - 60,61 - 92,93 - 99,-
IGLV5-37*01,1 - 22,23 - 36,37 - 51,52 - 62,63 - 96,97 - 104,-
IGLV5-37*02,1 - 22,23 - 36,37 - 51,52 - 62,63 - 96,97 - 104,-
IGLV5-37*03,1 - 22,23 - 36,37 - 51,52 - 62,63 - 96,97 - 104,-
IGLV5-39*01,1 - 22,23 - 36,37 - 51,52 - 62,63 - 96,97 - 104,-
IGLV5-39*02,1 - 22,23 - 36,37 - 51,52 - 62,63 - 96,97 - 104,-
IGLV5-45*01,1 - 22,23 - 36,37 - 51,52 - 62,63 - 96,97 - 104,-
IGLV5-45*02,1 - 22,23 - 36,37 - 51,52 - 62,63 - 96,97 - 104,-
IGLV5-45*03,1 - 22,23 - 36,37 - 51,52 - 62,63 - 96,97 - 104,-
IGLV5-45*04,1 - 22,23 - 36,37 - 51,52 - 62,63 - 96,97 - 104,-
IGLV5-45*05,1 - 22,23 - 36,37 - 51,52 - 62,63 - 96,97 - 104,-
IGLV5-48*01,1 - 22,23 - 36,37 - 51,52 - 62,63 - 96,97 - 104,-
IGLV5-48*02,1 - 22,23 - 36,37 - 51,52 - 62,63 - 95,96 - 103,-
IGLV5-52*01,1 - 22,23 - 36,37 - 51,52 - 62,63 - 96,97 - 105,-
IGLV6-57*01,1 - 22,23 - 35,36 - 50,51 - 57,58 - 91,92 - 98,-
IGLV6-57*02,1 - 22,23 - 35,36 - 50,51 - 57,58 - 91,92 - 98,-
IGLV6-57*03,1 - 22,23 - 35,36 - 50,51 - 57,58 - 91,92 - 98,-
IGLV6-57*04,1 - 22,23 - 35,36 - 50,51 - 57,58 - 91,92 - 98,-
IGLV7-43*01,1 - 22,23 - 36,37 - 51,52 - 58,59 - 90,91 - 98,-
IGLV7-46*01,1 - 22,23 - 36,37 - 51,52 - 58,59 - 90,91 - 98,-
IGLV7-46*02,1 - 22,23 - 36,37 - 51,52 - 58,59 - 90,91 - 98,-
IGLV7-46*04,1 - 22,23 - 36,37 - 51,52 - 58,59 - 90,91 - 98,-
IGLV7-46*05,1 - 22,23 - 36,37 - 51,52 - 58,59 - 90,91 - 98,-
IGLV8-61*01,1 - 22,23 - 36,37 - 51,52 - 58,59 - 90,91 - 98,-
IGLV8-61*02,1 - 22,23 - 36,37 - 51,52 - 58,59 - 90,91 - 98,-
IGLV8/OR8-1*02,1 - 22,23 - 36,37 - 51,52 - 58,59 - 90,91 - 98,-
IGLV9-49*01,1 - 22,23 - 34,35 - 49,50 - 61,62 - 93,94 - 104,-
IGLV9-49*02,1 - 22,23 - 34,35 - 49,50 - 61,62 - 93,94 - 104,-
IGLV9-49*03,1 - 22,23 - 34,35 - 49,50 - 61,62 - 93,94 - 104,-
